{"name":"e1eeb492-7ba0-4c37-848e-eb75e8711b66","id":"/providers/Microsoft.Flow/flows/e1eeb492-7ba0-4c37-848e-eb75e8711b66","type":"Microsoft.Flow/flows","properties":{"apiId":"/providers/Microsoft.PowerApps/apis/shared_logicflows","displayName":"Alerta de Rotatividade - Data Girls S.A","definition":{"metadata":{"workflowEntityId":null,"processAdvisorMetadata":null,"flowChargedByPaygo":null,"flowclientsuspensionreason":"None","flowclientsuspensiontime":null,"flowclientsuspensionreasondetails":null,"creator":{"id":"77550fc4-9443-4346-b1a9-e756bcff1315","type":"User","tenantId":"e8cf2639-1f98-4bb4-bd89-abd14928937f"},"provisioningMethod":"FromDefinition","failureAlertSubscription":true,"clientLastModifiedTime":"2025-08-08T23:20:40.4653685Z","connectionKeySavedTimeKey":"2025-08-08T23:20:40.4653685Z","creationSource":"Portal","modifiedSources":"Portal"},"$schema":"https://schema.management.azure.com/providers/Microsoft.Logic/schemas/2016-06-01/workflowdefinition.json#","contentVersion":"undefined","parameters":{"$authentication":{"defaultValue":{},"type":"SecureObject"},"$connections":{"defaultValue":{},"type":"Object"}},"triggers":{"Recurrence":{"recurrence":{"frequency":"Week","interval":"1","startTime":"2025-07-26T12:00:00.000Z","schedule":{"weekDays":["Monday"]}},"type":"Recurrence"}},"actions":{"Executar_uma_consulta_em_um_conjuntos_de_dados_1":{"runAfter":{},"type":"OpenApiConnection","inputs":{"parameters":{"groupid":"myworkspace","datasetid":"2223a203-9255-4262-8289-b082303e0cff","specification/query":"EVALUATE\nSUMMARIZECOLUMNS(\n  \"Attrition Rate\", [Attrition Rate]\n)\n","specification/serializerSettings/includeNulls":false},"host":{"apiId":"/providers/Microsoft.PowerApps/apis/shared_powerbi","connectionName":"shared_powerbi","operationId":"ExecuteDatasetQuery"},"authentication":"@parameters('$authentication')"}},"Condição":{"actions":{"Enviar_um_email_(V2)":{"type":"OpenApiConnection","inputs":{"parameters":{"emailMessage/To":"dianna.bispo@hotmail.com","emailMessage/Subject":"Alerta: Taxa de Rotatividade superou 15%\n","emailMessage/Body":"<p class=\"editor-paragraph\">Olá,<br><br>Detectamos que a taxa de rotatividade de colaboradores ultrapassou o limite estabelecido de 15<b><strong class=\"editor-text-bold\">%</strong></b> no último período.<br><br>Para mais detalhes, acesse o dashboard atualizado no Power BI clicando no link abaixo:<br><br>👉 &lt;a href=\"https://app.powerbi.com/links/AGOTDx48Hf?ctid=e8cf2639-1f98-4bb4-bd89-abd14928937f&amp;pbi_source=linkShare\"&gt;Clique aqui para acessar o relatório&lt;/a&gt;<br><br>Atenciosamente,<br>Equipe de Dados</p><br>","emailMessage/Importance":"Normal"},"host":{"apiId":"/providers/Microsoft.PowerApps/apis/shared_office365","connectionName":"shared_office365","operationId":"SendEmailV2"},"authentication":"@parameters('$authentication')"}}},"runAfter":{"Executar_uma_consulta_em_um_conjuntos_de_dados_1":["Succeeded"]},"else":{"actions":{}},"expression":{"and":[{"greaterOrEquals":["float(\n  first(\n    body('Executar_uma_consulta_em_um_conjuntos_de_dados_1')?['value']\n  )?['Attrition Rate']\n)\n","0,15"]}]},"type":"If"}}},"connectionReferences":{"shared_powerbi":{"connectionName":"shared-powerbi-0b5c55f5-9525-4ae7-823e-1b285c0c307f","source":"Embedded","id":"/providers/Microsoft.PowerApps/apis/shared_powerbi","tier":"NotSpecified","apiName":"powerbi","isProcessSimpleApiReferenceConversionAlreadyDone":false},"shared_office365":{"connectionName":"shared-office365-bdc60e4b-fe08-423f-bb36-f937d8039042","source":"Embedded","id":"/providers/Microsoft.PowerApps/apis/shared_office365","tier":"NotSpecified","apiName":"office365","isProcessSimpleApiReferenceConversionAlreadyDone":false}},"flowFailureAlertSubscribed":false,"isManaged":false}}